ticker,document
NOVA,Management expects demand for grid-scale storage to grow as renewable penetration increases. Backlog quality improved due to longer-duration contracts.
NOVA,Primary risks include lithium price volatility project permitting delays and customer concentration among utility buyers.
NOVA,The company invested in battery dispatch optimization software to improve recurring revenue and reduce hardware-only margin pressure.
AURA,Aura Health Analytics sells AI workflow tools to hospital systems and aims to reduce administrative burden through automation.
AURA,Revenue visibility improved with multi-year SaaS contracts but regulatory review and model validation requirements can lengthen sales cycles.
AURA,Management highlighted patient risk scoring clinical documentation support and hospital capacity forecasting as key growth areas.
ORBT,OrbitPay processes merchant transactions and provides fraud analytics settlement routing and embedded credit products.
ORBT,Credit exposure from merchant financing may increase losses during weak macroeconomic periods.
ORBT,The company is investing in real-time fraud detection and payment reliability to protect enterprise merchant retention.
KRYN,Kryon Robotics sells automation hardware and software to warehouses factories and logistics operators.
KRYN,Gross margin remains pressured by component costs delayed shipments and implementation complexity.
KRYN,Management believes labor shortages support long-term robotics demand but near-term execution risk remains elevated.
